,Day,Space
0,2025/31/12,30671
1,2026/01/01,31707
2,2026/02/01,32745
3,2026/03/01,33784
4,2026/04/01,34823
5,2026/05/01,35864
6,2026/06/01,36905
7,2026/07/01,37947
8,2026/08/01,38991
9,2026/09/01,40035
10,2026/10/01,41080
11,2026/11/01,42126
12,2026/12/01,43173
13,2026/13/01,44221
14,2026/14/01,45270
15,2026/15/01,46320
16,2026/16/01,47371
17,2026/17/01,48422
18,2026/18/01,49475
19,2026/19/01,50529
20,2026/20/01,51583
21,2026/21/01,52639
22,2026/22/01,53696
23,2026/23/01,54754
24,2026/24/01,55813
25,2026/25/01,56873
26,2026/26/01,57934
27,2026/27/01,58997
28,2026/28/01,60061
29,2026/29/01,61126
30,2026/30/01,62192
31,2026/31/01,63260
32,2026/01/02,64329
33,2026/02/02,65399
34,2026/03/02,65970
35,2026/04/02,67043
36,2026/05/02,68118
37,2026/06/02,69194
38,2026/07/02,70271
39,2026/08/02,71349
40,2026/09/02,72429
41,2026/10/02,73511
42,2026/11/02,74594
43,2026/12/02,75678
44,2026/13/02,76764
45,2026/14/02,77852
46,2026/15/02,78941
47,2026/16/02,80031
48,2026/17/02,81123
49,2026/18/02,82216
50,2026/19/02,83311
51,2026/20/02,84407
52,2026/21/02,85505
53,2026/22/02,86604
54,2026/23/02,87704
55,2026/24/02,88806
56,2026/25/02,89910
57,2026/26/02,91015
58,2026/27/02,92121
59,2026/28/02,93229
60,2026/01/03,94338
61,2026/02/03,94449
62,2026/03/03,95561
63,2026/04/03,96675
64,2026/05/03,97790
65,2026/06/03,98907
66,2026/07/03,100025
67,2026/08/03,101145
68,2026/09/03,102266
69,2026/10/03,103388
70,2026/11/03,104512
71,2026/12/03,105638
72,2026/13/03,106764
73,2026/14/03,107893
74,2026/15/03,109023
75,2026/16/03,110154
76,2026/17/03,111287
77,2026/18/03,112421
78,2026/19/03,113556
79,2026/20/03,114694
80,2026/21/03,115832
81,2026/22/03,116972
82,2026/23/03,118114
83,2026/24/03,119257
84,2026/25/03,120401
85,2026/26/03,121547
86,2026/27/03,122694
87,2026/28/03,123843
88,2026/29/03,124994
89,2026/30/03,126145
90,2026/31/03,127299
91,2026/01/04,128453
92,2026/02/04,129609
93,2026/03/04,130767
94,2026/04/04,131926
95,2026/05/04,133087
96,2026/06/04,134249
97,2026/07/04,135412
98,2026/08/04,136577
99,2026/09/04,137743
100,2026/10/04,138911
101,2026/11/04,140080
102,2026/12/04,141251
103,2026/13/04,142424
104,2026/14/04,143597
105,2026/15/04,144772
106,2026/16/04,145949
107,2026/17/04,147127
108,2026/18/04,148307
109,2026/19/04,149488
110,2026/20/04,150000
111,2026/21/04,150000
112,2026/22/04,150000
113,2026/23/04,150000
114,2026/24/04,150000
115,2026/25/04,150000
116,2026/26/04,150000
117,2026/27/04,150000
118,2026/28/04,150000
119,2026/29/04,150000
120,2026/30/04,150000
121,2026/01/05,150000
122,2026/02/05,150000
123,2026/03/05,150000
124,2026/04/05,150000
125,2026/05/05,150000
126,2026/06/05,150000
127,2026/07/05,150000
128,2026/08/05,150000
129,2026/09/05,150000
130,2026/10/05,150000
131,2026/11/05,150000
132,2026/12/05,150000
133,2026/13/05,150000
134,2026/14/05,150000
135,2026/15/05,150000
136,2026/16/05,150000
137,2026/17/05,150000
138,2026/18/05,150000
139,2026/19/05,150000
140,2026/20/05,150000
141,2026/21/05,150000
142,2026/22/05,150000
143,2026/23/05,150000
144,2026/24/05,150000
145,2026/25/05,150000
146,2026/26/05,150000
147,2026/27/05,150000
148,2026/28/05,150000
149,2026/29/05,150000
150,2026/30/05,150000
151,2026/31/05,150000
152,2026/01/06,150000
153,2026/02/06,150000
154,2026/03/06,150000
155,2026/04/06,150000
156,2026/05/06,150000
157,2026/06/06,150000
158,2026/07/06,150000
159,2026/08/06,150000
160,2026/09/06,150000
161,2026/10/06,150000
162,2026/11/06,150000
163,2026/12/06,150000
164,2026/13/06,150000
165,2026/14/06,150000
166,2026/15/06,150000
167,2026/16/06,150000
168,2026/17/06,150000
169,2026/18/06,150000
170,2026/19/06,150000
171,2026/20/06,150000
172,2026/21/06,150000
173,2026/22/06,150000
174,2026/23/06,150000
175,2026/24/06,150000
176,2026/25/06,150000
177,2026/26/06,150000
178,2026/27/06,150000
179,2026/28/06,150000
180,2026/29/06,150000
181,2026/30/06,150000
182,2026/01/07,150000
183,2026/02/07,150000
184,2026/03/07,150000
185,2026/04/07,150000
186,2026/05/07,150000
187,2026/06/07,150000
188,2026/07/07,150000
189,2026/08/07,150000
190,2026/09/07,150000
191,2026/10/07,150000
192,2026/11/07,150000
193,2026/12/07,150000
194,2026/13/07,150000
195,2026/14/07,150000
196,2026/15/07,150000
197,2026/16/07,150000
198,2026/17/07,150000
199,2026/18/07,150000
200,2026/19/07,150000
201,2026/20/07,150000
202,2026/21/07,150000
203,2026/22/07,150000
204,2026/23/07,150000
205,2026/24/07,150000
206,2026/25/07,150000
207,2026/26/07,150000
208,2026/27/07,150000
209,2026/28/07,150000
210,2026/29/07,150000
211,2026/30/07,150000
212,2026/31/07,150000
213,2026/01/08,150000
214,2026/02/08,150000
215,2026/03/08,150000
216,2026/04/08,150000
217,2026/05/08,150000
218,2026/06/08,150000
219,2026/07/08,150000
220,2026/08/08,150000
221,2026/09/08,150000
222,2026/10/08,150000
223,2026/11/08,150000
224,2026/12/08,150000
225,2026/13/08,150000
226,2026/14/08,150000
227,2026/15/08,150000
228,2026/16/08,150000
229,2026/17/08,150000
230,2026/18/08,150000
231,2026/19/08,150000
232,2026/20/08,150000
233,2026/21/08,150000
234,2026/22/08,150000
235,2026/23/08,150000
236,2026/24/08,150000
237,2026/25/08,150000
238,2026/26/08,150000
239,2026/27/08,150000
240,2026/28/08,150000
241,2026/29/08,150000
242,2026/30/08,150000
243,2026/31/08,150000
244,2026/01/09,150000
245,2026/02/09,150000
246,2026/03/09,150000
247,2026/04/09,150000
248,2026/05/09,150000
249,2026/06/09,150000
250,2026/07/09,150000
251,2026/08/09,150000
252,2026/09/09,150000
253,2026/10/09,150000
254,2026/11/09,150000
255,2026/12/09,150000
256,2026/13/09,150000
257,2026/14/09,150000
258,2026/15/09,150000
259,2026/16/09,150000
260,2026/17/09,150000
261,2026/18/09,150000
262,2026/19/09,150000
263,2026/20/09,150000
264,2026/21/09,150000
265,2026/22/09,150000
266,2026/23/09,150000
267,2026/24/09,150000
268,2026/25/09,150000
269,2026/26/09,150000
270,2026/27/09,150000
271,2026/28/09,150000
272,2026/29/09,150000
273,2026/30/09,150000
274,2026/01/10,150000
275,2026/02/10,150000
276,2026/03/10,150000
277,2026/04/10,150000
278,2026/05/10,150000
279,2026/06/10,150000
280,2026/07/10,150000
281,2026/08/10,150000
282,2026/09/10,150000
283,2026/10/10,150000
284,2026/11/10,150000
285,2026/12/10,150000
286,2026/13/10,150000
287,2026/14/10,150000
288,2026/15/10,150000
289,2026/16/10,150000
290,2026/17/10,150000
291,2026/18/10,150000
292,2026/19/10,150000
293,2026/20/10,150000
294,2026/21/10,150000
295,2026/22/10,150000
296,2026/23/10,150000
297,2026/24/10,150000
298,2026/25/10,150000
299,2026/26/10,150000
300,2026/27/10,150000
301,2026/28/10,150000
302,2026/29/10,150000
303,2026/30/10,150000
304,2026/31/10,150000
305,2026/01/11,150000
306,2026/02/11,150000
307,2026/03/11,150000
308,2026/04/11,150000
309,2026/05/11,150000
310,2026/06/11,150000
311,2026/07/11,150000
312,2026/08/11,150000
313,2026/09/11,150000
314,2026/10/11,150000
315,2026/11/11,150000
316,2026/12/11,150000
317,2026/13/11,150000
318,2026/14/11,150000
319,2026/15/11,150000
320,2026/16/11,150000
321,2026/17/11,150000
322,2026/18/11,150000
323,2026/19/11,150000
324,2026/20/11,150000
325,2026/21/11,150000
326,2026/22/11,150000
327,2026/23/11,150000
328,2026/24/11,150000
329,2026/25/11,150000
330,2026/26/11,150000
331,2026/27/11,150000
332,2026/28/11,150000
333,2026/29/11,150000
334,2026/30/11,150000
335,2026/01/12,150000
336,2026/02/12,150000
337,2026/03/12,150000
338,2026/04/12,150000
339,2026/05/12,150000
340,2026/06/12,150000
341,2026/07/12,150000
342,2026/08/12,150000
343,2026/09/12,150000
344,2026/10/12,150000
345,2026/11/12,150000
346,2026/12/12,150000
347,2026/13/12,150000
348,2026/14/12,150000
349,2026/15/12,150000
350,2026/16/12,150000
351,2026/17/12,150000
352,2026/18/12,150000
353,2026/19/12,150000
354,2026/20/12,150000
355,2026/21/12,150000
356,2026/22/12,150000
357,2026/23/12,150000
358,2026/24/12,150000
359,2026/25/12,150000
360,2026/26/12,150000
361,2026/27/12,150000
362,2026/28/12,150000
363,2026/29/12,150000
364,2026/30/12,150000
365,2026/31/12,150000
366,2027/01/01,150000
367,2027/02/01,150000
368,2027/03/01,150000
369,2027/04/01,150000
370,2027/05/01,150000
371,2027/06/01,150000
372,2027/07/01,150000
373,2027/08/01,150000
374,2027/09/01,150000
375,2027/10/01,150000
376,2027/11/01,150000
377,2027/12/01,150000
378,2027/13/01,150000
379,2027/14/01,150000
380,2027/15/01,150000
381,2027/16/01,150000
382,2027/17/01,150000
383,2027/18/01,150000
384,2027/19/01,150000
385,2027/20/01,150000
386,2027/21/01,150000
387,2027/22/01,150000
388,2027/23/01,150000
389,2027/24/01,150000
390,2027/25/01,150000
391,2027/26/01,150000
392,2027/27/01,150000
393,2027/28/01,150000
394,2027/29/01,150000
395,2027/30/01,150000
396,2027/31/01,150000
397,2027/01/02,150000
398,2027/02/02,150000
399,2027/03/02,150000
400,2027/04/02,150000
401,2027/05/02,150000
402,2027/06/02,150000
403,2027/07/02,150000
404,2027/08/02,150000
405,2027/09/02,150000
406,2027/10/02,150000
407,2027/11/02,150000
408,2027/12/02,150000
409,2027/13/02,150000
410,2027/14/02,150000
411,2027/15/02,150000
412,2027/16/02,150000
413,2027/17/02,150000
414,2027/18/02,150000
415,2027/19/02,150000
416,2027/20/02,150000
417,2027/21/02,150000
418,2027/22/02,150000
419,2027/23/02,150000
420,2027/24/02,150000
421,2027/25/02,150000
422,2027/26/02,150000
423,2027/27/02,150000
424,2027/28/02,150000
425,2027/01/03,150000
426,2027/02/03,150000
427,2027/03/03,150000
428,2027/04/03,150000
429,2027/05/03,150000
430,2027/06/03,150000
431,2027/07/03,150000
432,2027/08/03,150000
433,2027/09/03,150000
434,2027/10/03,150000
435,2027/11/03,150000
436,2027/12/03,150000
437,2027/13/03,150000
438,2027/14/03,150000
439,2027/15/03,150000
440,2027/16/03,150000
441,2027/17/03,150000
442,2027/18/03,150000
443,2027/19/03,150000
444,2027/20/03,150000
445,2027/21/03,150000
446,2027/22/03,150000
447,2027/23/03,150000
448,2027/24/03,150000
449,2027/25/03,150000
450,2027/26/03,150000
451,2027/27/03,150000
452,2027/28/03,150000
453,2027/29/03,150000
454,2027/30/03,150000
455,2027/31/03,150000
456,2027/01/04,150000
457,2027/02/04,150000
458,2027/03/04,150000
459,2027/04/04,150000
460,2027/05/04,150000
461,2027/06/04,150000
462,2027/07/04,150000
463,2027/08/04,150000
464,2027/09/04,150000
465,2027/10/04,150000
466,2027/11/04,150000
467,2027/12/04,150000
468,2027/13/04,150000
469,2027/14/04,150000
470,2027/15/04,150000
471,2027/16/04,150000
472,2027/17/04,150000
473,2027/18/04,150000
474,2027/19/04,150000
475,2027/20/04,150000
476,2027/21/04,150000
477,2027/22/04,150000
478,2027/23/04,150000
479,2027/24/04,150000
480,2027/25/04,150000
481,2027/26/04,150000
482,2027/27/04,150000
483,2027/28/04,150000
484,2027/29/04,150000
485,2027/30/04,150000
486,2027/01/05,150000
487,2027/02/05,150000
488,2027/03/05,150000
489,2027/04/05,150000
490,2027/05/05,150000
491,2027/06/05,150000
492,2027/07/05,150000
493,2027/08/05,150000
494,2027/09/05,150000
495,2027/10/05,150000
496,2027/11/05,150000
497,2027/12/05,150000
498,2027/13/05,150000
499,2027/14/05,150000
500,2027/15/05,150000
501,2027/16/05,150000
502,2027/17/05,150000
503,2027/18/05,150000
504,2027/19/05,150000
505,2027/20/05,150000
506,2027/21/05,150000
507,2027/22/05,150000
508,2027/23/05,150000
509,2027/24/05,150000
510,2027/25/05,150000
511,2027/26/05,150000
512,2027/27/05,150000
513,2027/28/05,150000
514,2027/29/05,150000
515,2027/30/05,150000
516,2027/31/05,150000
517,2027/01/06,150000
518,2027/02/06,150000
519,2027/03/06,150000
520,2027/04/06,150000
521,2027/05/06,150000
522,2027/06/06,150000
523,2027/07/06,150000
524,2027/08/06,150000
525,2027/09/06,150000
526,2027/10/06,150000
527,2027/11/06,150000
528,2027/12/06,150000
529,2027/13/06,150000
530,2027/14/06,150000
531,2027/15/06,150000
532,2027/16/06,150000
533,2027/17/06,150000
534,2027/18/06,150000
535,2027/19/06,150000
536,2027/20/06,150000
537,2027/21/06,150000
538,2027/22/06,150000
539,2027/23/06,150000
540,2027/24/06,150000
541,2027/25/06,150000
542,2027/26/06,150000
543,2027/27/06,150000
544,2027/28/06,150000
545,2027/29/06,150000
546,2027/30/06,150000
547,2027/01/07,150000
548,2027/02/07,150000
549,2027/03/07,150000
550,2027/04/07,150000
551,2027/05/07,150000
552,2027/06/07,150000
553,2027/07/07,150000
554,2027/08/07,150000
555,2027/09/07,150000
556,2027/10/07,150000
557,2027/11/07,150000
558,2027/12/07,150000
559,2027/13/07,150000
560,2027/14/07,150000
561,2027/15/07,150000
562,2027/16/07,150000
563,2027/17/07,150000
564,2027/18/07,150000
565,2027/19/07,150000
566,2027/20/07,150000
567,2027/21/07,150000
568,2027/22/07,150000
569,2027/23/07,150000
570,2027/24/07,150000
571,2027/25/07,150000
572,2027/26/07,150000
573,2027/27/07,150000
574,2027/28/07,150000
575,2027/29/07,150000
576,2027/30/07,150000
577,2027/31/07,150000
578,2027/01/08,150000
579,2027/02/08,150000
580,2027/03/08,150000
581,2027/04/08,150000
582,2027/05/08,150000
583,2027/06/08,150000
584,2027/07/08,150000
585,2027/08/08,150000
586,2027/09/08,150000
587,2027/10/08,150000
588,2027/11/08,150000
589,2027/12/08,150000
590,2027/13/08,150000
591,2027/14/08,150000
592,2027/15/08,150000
593,2027/16/08,150000
594,2027/17/08,150000
595,2027/18/08,150000
596,2027/19/08,150000
597,2027/20/08,150000
598,2027/21/08,150000
599,2027/22/08,150000
600,2027/23/08,150000
601,2027/24/08,150000
602,2027/25/08,150000
603,2027/26/08,150000
604,2027/27/08,150000
605,2027/28/08,150000
606,2027/29/08,150000
607,2027/30/08,150000
608,2027/31/08,150000
609,2027/01/09,150000
610,2027/02/09,150000
611,2027/03/09,150000
612,2027/04/09,150000
613,2027/05/09,150000
614,2027/06/09,150000
615,2027/07/09,150000
616,2027/08/09,150000
617,2027/09/09,150000
618,2027/10/09,150000
619,2027/11/09,150000
620,2027/12/09,150000
621,2027/13/09,150000
622,2027/14/09,150000
623,2027/15/09,150000
624,2027/16/09,150000
625,2027/17/09,150000
626,2027/18/09,150000
627,2027/19/09,150000
628,2027/20/09,150000
629,2027/21/09,150000
630,2027/22/09,150000
631,2027/23/09,150000
632,2027/24/09,150000
633,2027/25/09,150000
634,2027/26/09,150000
635,2027/27/09,150000
636,2027/28/09,150000
637,2027/29/09,150000
638,2027/30/09,150000
639,2027/01/10,150000
640,2027/02/10,150000
641,2027/03/10,150000
642,2027/04/10,150000
643,2027/05/10,150000
644,2027/06/10,150000
645,2027/07/10,150000
646,2027/08/10,150000
647,2027/09/10,150000
648,2027/10/10,150000
649,2027/11/10,150000
650,2027/12/10,150000
651,2027/13/10,150000
652,2027/14/10,150000
653,2027/15/10,150000
654,2027/16/10,150000
655,2027/17/10,150000
656,2027/18/10,150000
657,2027/19/10,150000
658,2027/20/10,150000
659,2027/21/10,150000
660,2027/22/10,150000
661,2027/23/10,150000
662,2027/24/10,150000
663,2027/25/10,150000
664,2027/26/10,150000
665,2027/27/10,150000
666,2027/28/10,150000
667,2027/29/10,150000
668,2027/30/10,150000
669,2027/31/10,150000
670,2027/01/11,150000
671,2027/02/11,150000
672,2027/03/11,150000
673,2027/04/11,150000
674,2027/05/11,150000
675,2027/06/11,150000
676,2027/07/11,150000
677,2027/08/11,150000
678,2027/09/11,150000
679,2027/10/11,150000
680,2027/11/11,150000
681,2027/12/11,150000
682,2027/13/11,150000
683,2027/14/11,150000
684,2027/15/11,150000
685,2027/16/11,150000
686,2027/17/11,150000
687,2027/18/11,150000
688,2027/19/11,150000
689,2027/20/11,150000
690,2027/21/11,150000
691,2027/22/11,150000
692,2027/23/11,150000
693,2027/24/11,150000
694,2027/25/11,150000
695,2027/26/11,150000
696,2027/27/11,150000
697,2027/28/11,150000
698,2027/29/11,150000
699,2027/30/11,150000
700,2027/01/12,150000
701,2027/02/12,150000
702,2027/03/12,150000
703,2027/04/12,150000
704,2027/05/12,150000
705,2027/06/12,150000
706,2027/07/12,150000
707,2027/08/12,150000
708,2027/09/12,150000
709,2027/10/12,150000
710,2027/11/12,150000
711,2027/12/12,150000
712,2027/13/12,150000
713,2027/14/12,150000
714,2027/15/12,150000
715,2027/16/12,150000
716,2027/17/12,150000
717,2027/18/12,150000
718,2027/19/12,150000
719,2027/20/12,150000
720,2027/21/12,150000
721,2027/22/12,150000
722,2027/23/12,150000
723,2027/24/12,150000
724,2027/25/12,150000
725,2027/26/12,150000
726,2027/27/12,150000
727,2027/28/12,150000
728,2027/29/12,150000
729,2027/30/12,150000
730,2027/31/12,150000
731,2028/01/01,150000
732,2028/02/01,150000
733,2028/03/01,150000
734,2028/04/01,150000
735,2028/05/01,150000
736,2028/06/01,150000
737,2028/07/01,150000
738,2028/08/01,150000
739,2028/09/01,150000
740,2028/10/01,150000
741,2028/11/01,150000
742,2028/12/01,150000
743,2028/13/01,150000
744,2028/14/01,150000
745,2028/15/01,150000
746,2028/16/01,150000
747,2028/17/01,150000
748,2028/18/01,150000
749,2028/19/01,150000
750,2028/20/01,150000
751,2028/21/01,150000
752,2028/22/01,150000
753,2028/23/01,150000
754,2028/24/01,150000
755,2028/25/01,150000
756,2028/26/01,150000
757,2028/27/01,150000
758,2028/28/01,150000
759,2028/29/01,150000
760,2028/30/01,150000
761,2028/31/01,150000
762,2028/01/02,150000
763,2028/02/02,150000
764,2028/03/02,150000
765,2028/04/02,150000
766,2028/05/02,150000
767,2028/06/02,150000
768,2028/07/02,150000
769,2028/08/02,150000
770,2028/09/02,150000
771,2028/10/02,150000
772,2028/11/02,150000
773,2028/12/02,150000
774,2028/13/02,150000
775,2028/14/02,150000
776,2028/15/02,150000
777,2028/16/02,150000
778,2028/17/02,150000
779,2028/18/02,150000
780,2028/19/02,150000
781,2028/20/02,150000
782,2028/21/02,150000
783,2028/22/02,150000
784,2028/23/02,150000
785,2028/24/02,150000
786,2028/25/02,150000
787,2028/26/02,150000
788,2028/27/02,150000
789,2028/28/02,150000
790,2028/29/02,150000
791,2028/01/03,150000
792,2028/02/03,150000
793,2028/03/03,150000
794,2028/04/03,150000
795,2028/05/03,150000
796,2028/06/03,150000
797,2028/07/03,150000
798,2028/08/03,150000
799,2028/09/03,150000
800,2028/10/03,150000
801,2028/11/03,150000
802,2028/12/03,150000
803,2028/13/03,150000
804,2028/14/03,150000
805,2028/15/03,150000
806,2028/16/03,150000
807,2028/17/03,150000
808,2028/18/03,150000
809,2028/19/03,150000
810,2028/20/03,150000
811,2028/21/03,150000
812,2028/22/03,150000
813,2028/23/03,150000
814,2028/24/03,150000
815,2028/25/03,150000
816,2028/26/03,150000
817,2028/27/03,150000
818,2028/28/03,150000
819,2028/29/03,150000
820,2028/30/03,150000
821,2028/31/03,150000
822,2028/01/04,150000
823,2028/02/04,150000
824,2028/03/04,150000
825,2028/04/04,150000
826,2028/05/04,150000
827,2028/06/04,150000
828,2028/07/04,150000
829,2028/08/04,150000
830,2028/09/04,150000
831,2028/10/04,150000
832,2028/11/04,150000
833,2028/12/04,150000
834,2028/13/04,150000
835,2028/14/04,150000
836,2028/15/04,150000
837,2028/16/04,150000
838,2028/17/04,150000
839,2028/18/04,150000
840,2028/19/04,150000
841,2028/20/04,150000
842,2028/21/04,150000
843,2028/22/04,150000
844,2028/23/04,150000
845,2028/24/04,150000
846,2028/25/04,150000
847,2028/26/04,150000
848,2028/27/04,150000
849,2028/28/04,150000
850,2028/29/04,150000
851,2028/30/04,150000
852,2028/01/05,150000
853,2028/02/05,150000
854,2028/03/05,150000
855,2028/04/05,150000
856,2028/05/05,150000
857,2028/06/05,150000
858,2028/07/05,150000
859,2028/08/05,150000
860,2028/09/05,150000
861,2028/10/05,150000
862,2028/11/05,150000
863,2028/12/05,150000
864,2028/13/05,150000
865,2028/14/05,150000
866,2028/15/05,150000
867,2028/16/05,150000
868,2028/17/05,150000
869,2028/18/05,150000
870,2028/19/05,150000
871,2028/20/05,150000
872,2028/21/05,150000
873,2028/22/05,150000
874,2028/23/05,150000
875,2028/24/05,150000
876,2028/25/05,150000
877,2028/26/05,150000
878,2028/27/05,150000
879,2028/28/05,150000
880,2028/29/05,150000
881,2028/30/05,150000
882,2028/31/05,150000
883,2028/01/06,150000
884,2028/02/06,150000
885,2028/03/06,150000
886,2028/04/06,150000
887,2028/05/06,150000
888,2028/06/06,150000
889,2028/07/06,150000
890,2028/08/06,150000
891,2028/09/06,150000
892,2028/10/06,150000
893,2028/11/06,150000
894,2028/12/06,150000
895,2028/13/06,150000
896,2028/14/06,150000
897,2028/15/06,150000
898,2028/16/06,150000
899,2028/17/06,150000
900,2028/18/06,150000
901,2028/19/06,150000
902,2028/20/06,150000
903,2028/21/06,150000
904,2028/22/06,150000
905,2028/23/06,150000
906,2028/24/06,150000
907,2028/25/06,150000
908,2028/26/06,150000
909,2028/27/06,150000
910,2028/28/06,150000
911,2028/29/06,150000
912,2028/30/06,150000
913,2028/01/07,150000
914,2028/02/07,150000
915,2028/03/07,150000
916,2028/04/07,150000
917,2028/05/07,150000
918,2028/06/07,150000
919,2028/07/07,150000
920,2028/08/07,150000
921,2028/09/07,150000
922,2028/10/07,150000
923,2028/11/07,150000
924,2028/12/07,150000
925,2028/13/07,150000
926,2028/14/07,150000
927,2028/15/07,150000
928,2028/16/07,150000
929,2028/17/07,150000
930,2028/18/07,150000
931,2028/19/07,150000
932,2028/20/07,150000
933,2028/21/07,150000
934,2028/22/07,150000
935,2028/23/07,150000
936,2028/24/07,150000
937,2028/25/07,150000
938,2028/26/07,150000
939,2028/27/07,150000
940,2028/28/07,150000
941,2028/29/07,150000
942,2028/30/07,150000
943,2028/31/07,150000
944,2028/01/08,150000
945,2028/02/08,150000
946,2028/03/08,150000
947,2028/04/08,150000
948,2028/05/08,150000
949,2028/06/08,150000
950,2028/07/08,150000
951,2028/08/08,150000
952,2028/09/08,150000
953,2028/10/08,150000
954,2028/11/08,150000
955,2028/12/08,150000
956,2028/13/08,150000
957,2028/14/08,150000
958,2028/15/08,150000
959,2028/16/08,150000
960,2028/17/08,150000
961,2028/18/08,150000
962,2028/19/08,150000
963,2028/20/08,150000
964,2028/21/08,150000
965,2028/22/08,150000
966,2028/23/08,150000
967,2028/24/08,150000
968,2028/25/08,150000
969,2028/26/08,150000
970,2028/27/08,150000
971,2028/28/08,150000
972,2028/29/08,150000
973,2028/30/08,150000
974,2028/31/08,150000
975,2028/01/09,150000
976,2028/02/09,150000
977,2028/03/09,150000
978,2028/04/09,150000
979,2028/05/09,150000
980,2028/06/09,150000
981,2028/07/09,150000
982,2028/08/09,150000
983,2028/09/09,150000
984,2028/10/09,150000
985,2028/11/09,150000
986,2028/12/09,150000
987,2028/13/09,150000
988,2028/14/09,150000
989,2028/15/09,150000
990,2028/16/09,150000
991,2028/17/09,150000
992,2028/18/09,150000
993,2028/19/09,150000
994,2028/20/09,150000
995,2028/21/09,150000
996,2028/22/09,150000
997,2028/23/09,150000
998,2028/24/09,150000
999,2028/25/09,150000
1000,2028/26/09,150000
1001,2028/27/09,150000
1002,2028/28/09,150000
1003,2028/29/09,150000
1004,2028/30/09,150000
1005,2028/01/10,150000
1006,2028/02/10,150000
1007,2028/03/10,150000
1008,2028/04/10,150000
1009,2028/05/10,150000
1010,2028/06/10,150000
1011,2028/07/10,150000
1012,2028/08/10,150000
1013,2028/09/10,150000
1014,2028/10/10,150000
1015,2028/11/10,150000
1016,2028/12/10,150000
1017,2028/13/10,150000
1018,2028/14/10,150000
1019,2028/15/10,150000
1020,2028/16/10,150000
1021,2028/17/10,150000
1022,2028/18/10,150000
1023,2028/19/10,150000
1024,2028/20/10,150000
1025,2028/21/10,150000
1026,2028/22/10,150000
1027,2028/23/10,150000
1028,2028/24/10,150000
1029,2028/25/10,150000
1030,2028/26/10,150000
1031,2028/27/10,150000
1032,2028/28/10,150000
1033,2028/29/10,150000
1034,2028/30/10,150000
1035,2028/31/10,150000
1036,2028/01/11,150000
1037,2028/02/11,150000
1038,2028/03/11,150000
1039,2028/04/11,150000
1040,2028/05/11,150000
1041,2028/06/11,150000
1042,2028/07/11,150000
1043,2028/08/11,150000
1044,2028/09/11,150000
1045,2028/10/11,150000
1046,2028/11/11,150000
1047,2028/12/11,150000
1048,2028/13/11,150000
1049,2028/14/11,150000
1050,2028/15/11,150000
1051,2028/16/11,150000
1052,2028/17/11,150000
1053,2028/18/11,150000
1054,2028/19/11,150000
1055,2028/20/11,150000
1056,2028/21/11,150000
1057,2028/22/11,150000
1058,2028/23/11,150000
1059,2028/24/11,150000
1060,2028/25/11,150000
1061,2028/26/11,150000
1062,2028/27/11,150000
1063,2028/28/11,150000
1064,2028/29/11,150000
1065,2028/30/11,150000
1066,2028/01/12,150000
1067,2028/02/12,150000
1068,2028/03/12,150000
1069,2028/04/12,150000
1070,2028/05/12,150000
1071,2028/06/12,150000
1072,2028/07/12,150000
1073,2028/08/12,150000
1074,2028/09/12,150000
1075,2028/10/12,150000
1076,2028/11/12,150000
1077,2028/12/12,150000
1078,2028/13/12,150000
1079,2028/14/12,150000
1080,2028/15/12,150000
1081,2028/16/12,150000
1082,2028/17/12,150000
1083,2028/18/12,150000
1084,2028/19/12,150000
1085,2028/20/12,150000
1086,2028/21/12,150000
1087,2028/22/12,150000
1088,2028/23/12,150000
1089,2028/24/12,150000
1090,2028/25/12,150000
1091,2028/26/12,150000
1092,2028/27/12,150000
1093,2028/28/12,150000
1094,2028/29/12,150000
1095,2028/30/12,150000
1096,2028/31/12,150000
